{
  "$schema": "../icon.schema.json",
  "contributors": [
    "danielbayley"
  ],
  "tags": [
    "inspector",
    "element",
    "mouse",
    "click",
    "pointer",
    "box",
    "browser",
    "selector",
    "target",
    "dom",
    "node"
  ],
  "categories": [
    "arrows",
    "cursors",
    "development",
    "tools"
  ],
  "aliases": [
    {
      "name": "mouse-pointer-square-dashed",
      "deprecationReason": "alias.name",
      "deprecated": true,
      "toBeRemovedInVersion": "v1.0"
    }
  ]
}
