{
  "$schema": "../icon.schema.json",
  "contributors": [
    "colebemis",
    "ericfennis",
    "karsa-mistmere"
  ],
  "tags": [
    "text",
    "alignment",
    "left",
    "list"
  ],
  "categories": [
    "text"
  ],
  "aliases": [
    {
      "name": "text",
      "deprecated": true,
      "deprecationReason": "alias.duplicate",
      "toBeRemovedInVersion": "v1.0"
    },
    {
      "name": "align-left",
      "deprecated": true,
      "deprecationReason": "alias.name",
      "toBeRemovedInVersion": "v1.0"
    }
  ]
}
