{
  "$schema": "../icon.schema.json",
  "contributors": [
    "karsa-mistmere"
  ],
  "tags": [
    "fork",
    "knife",
    "cutlery",
    "flatware",
    "tableware",
    "silverware",
    "food",
    "restaurant",
    "meal",
    "breakfast",
    "dinner",
    "supper"
  ],
  "categories": [
    "food-beverage",
    "travel",
    "navigation"
  ],
  "aliases": [
    {
      "name": "fork-knife-crossed",
      "deprecationReason": "alias.name",
      "deprecated": true,
      "toBeRemovedInVersion": "v1.0"
    }
  ]
}
